Campaign,Ad Group,Keyword,Match Type,Final URL
SØK - Sluk generell + relaterte ord,Gulvsluk bad,gulvsluk,Phrase,https://slidedrain.no/produkter/gulvsluk
SØK - Sluk generell + relaterte ord,Gulvsluk bad,dusjsluk,Phrase,https://slidedrain.no/produkter/gulvsluk
SØK - Sluk generell + relaterte ord,Gulvsluk bad,sluk dusj,Phrase,https://slidedrain.no/produkter/gulvsluk
SØK - Sluk generell + relaterte ord,Gulvsluk bad,sluk bad,Phrase,https://slidedrain.no/produkter/gulvsluk
SØK - Sluk generell + relaterte ord,Gulvsluk bad,baderom sluk,Phrase,https://slidedrain.no/produkter/gulvsluk
SØK - Sluk generell + relaterte ord,Gulvsluk bad,våtrom sluk,Phrase,https://slidedrain.no/produkter/gulvsluk
SØK - Sluk generell + relaterte ord,Slukrenner,slukrenne,Phrase,https://slidedrain.no/produkter/slukrenner
SØK - Sluk generell + relaterte ord,Slukrenner,linjesluk,Phrase,https://slidedrain.no/produkter/slukrenner
SØK - Sluk generell + relaterte ord,Slukrenner,rennesluk,Phrase,https://slidedrain.no/produkter/slukrenner
SØK - Sluk generell + relaterte ord,Slukrenner,designsluk,Phrase,https://slidedrain.no/produkter/slukrenner
SØK - Sluk generell + relaterte ord,Tile Insert,tile insert,Phrase,https://slidedrain.no/produkter/slukrenner-tile-insert
SØK - Sluk generell + relaterte ord,Slukrister,slukrist,Phrase,https://slidedrain.no/produkter/slukrister
SØK - Sluk generell + relaterte ord,Hjørnesluk,hjørnesluk,Phrase,https://slidedrain.no/produkter/hjornerister
